{"name":"city-of-ny_g3vh-kbnw","title":"School District Breakdowns","description":"Demographic statistics broken down by school districts\n\nDemographic statistics broken down by school districts\n\nSource: https://data.cityofnewyork.us/d/g3vh-kbnw  \nLast updated at https://data.cityofnewyork.us/data.json : 2019-02-11  \n Attribution is encouraged by New York City. Please visit New York City's [open data portal for more information about the Terms of Use](https://opendata.cityofnewyork.us/overview/#termsofuse).","homepage":"https://data.world/city-of-ny/g3vh-kbnw","license":"Other","resources":[{"name":"school_district_breakdowns_1","schema":{"fields":[{"name":"jurisdiction_name","title":"JURISDICTION NAME","type":"string","rdfType":"http://www.w3.org/2001/XMLSchema#string","dwSourceId":"jurisdiction_name"},{"name":"count_participants","title":"COUNT PARTICIPANTS","type":"integer","rdfType":"http://www.w3.org/2001/XMLSchema#integer","dwSourceId":"count_participants"},{"name":"count_female","title":"COUNT FEMALE","type":"integer","rdfType":"http://www.w3.org/2001/XMLSchema#integer","dwSourceId":"count_female"},{"name":"percent_female","title":"PERCENT FEMALE","type":"number","rdfType":"http://www.w3.org/2001/XMLSchema#decimal","dwSourceId":"percent_female"},{"name":"count_male","title":"COUNT MALE","type":"integer","rdfType":"http://www.w3.org/2001/XMLSchema#integer","dwSourceId":"count_male"},{"name":"percent_male","title":"PERCENT MALE","type":"number","rdfType":"http://www.w3.org/2001/XMLSchema#decimal","dwSourceId":"percent_male"},{"name":"count_gender_unknown","title":"COUNT GENDER UNKNOWN","type":"boolean","rdfType":"http://www.w3.org/2001/XMLSchema#boolean","dwSourceId":"count_gender_unknown"},{"name":"percent_gender_unknown","title":"PERCENT GENDER UNKNOWN","type":"boolean","rdfType":"http://www.w3.org/2001/XMLSchema#boolean","dwSourceId":"percent_gender_unknown"},{"name":"count_gender_total","title":"COUNT GENDER TOTAL","type":"integer","rdfType":"http://www.w3.org/2001/XMLSchema#integer","dwSourceId":"count_gender_total"},{"name":"percent_gender_total","title":"PERCENT GENDER TOTAL","type":"integer","rdfType":"http://www.w3.org/2001/XMLSchema#integer","dwSourceId":"percent_gender_total"},{"name":"count_pacific_islander","title":"COUNT PACIFIC ISLANDER","type":"boolean","rdfType":"http://www.w3.org/2001/XMLSchema#boolean","dwSourceId":"count_pacific_islander"},{"name":"count_hispanic_latino","title":"COUNT HISPANIC LATINO","type":"integer","rdfType":"http://www.w3.org/2001/XMLSchema#integer","dwSourceId":"count_hispanic_latino"},{"name":"percent_hispanic_latino","title":"PERCENT HISPANIC LATINO","type":"number","rdfType":"http://www.w3.org/2001/XMLSchema#decimal","dwSourceId":"percent_hispanic_latino"},{"name":"count_american_indian","title":"COUNT AMERICAN INDIAN","type":"boolean","rdfType":"http://www.w3.org/2001/XMLSchema#boolean","dwSourceId":"count_american_indian"},{"name":"percent_american_indian","title":"PERCENT AMERICAN INDIAN","type":"number","rdfType":"http://www.w3.org/2001/XMLSchema#decimal","dwSourceId":"percent_american_indian"},{"name":"count_asian_non_hispanic","title":"COUNT ASIAN NON HISPANIC","type":"integer","rdfType":"http://www.w3.org/2001/XMLSchema#integer","dwSourceId":"count_asian_non_hispanic"},{"name":"percent_asian_non_hispanic","title":"PERCENT ASIAN NON HISPANIC","type":"number","rdfType":"http://www.w3.org/2001/XMLSchema#decimal","dwSourceId":"percent_asian_non_hispanic"},{"name":"count_white_non_hispanic","title":"COUNT WHITE NON HISPANIC","type":"integer","rdfType":"http://www.w3.org/2001/XMLSchema#integer","dwSourceId":"count_white_non_hispanic"},{"name":"percent_white_non_hispanic","title":"PERCENT WHITE NON HISPANIC","type":"number","rdfType":"http://www.w3.org/2001/XMLSchema#decimal","dwSourceId":"percent_white_non_hispanic"},{"name":"count_black_non_hispanic","title":"COUNT BLACK NON HISPANIC","type":"integer","rdfType":"http://www.w3.org/2001/XMLSchema#integer","dwSourceId":"count_black_non_hispanic"},{"name":"percent_black_non_hispanic","title":"PERCENT BLACK NON HISPANIC","type":"number","rdfType":"http://www.w3.org/2001/XMLSchema#decimal","dwSourceId":"percent_black_non_hispanic"},{"name":"count_other_ethnicity","title":"COUNT OTHER ETHNICITY","type":"integer","rdfType":"http://www.w3.org/2001/XMLSchema#integer","dwSourceId":"count_other_ethnicity"},{"name":"percent_other_ethnicity","title":"PERCENT OTHER ETHNICITY","type":"number","rdfType":"http://www.w3.org/2001/XMLSchema#decimal","dwSourceId":"percent_other_ethnicity"},{"name":"count_ethnicity_unknown","title":"COUNT ETHNICITY UNKNOWN","type":"integer","rdfType":"http://www.w3.org/2001/XMLSchema#integer","dwSourceId":"count_ethnicity_unknown"},{"name":"percent_ethnicity_unknown","title":"PERCENT ETHNICITY UNKNOWN","type":"number","rdfType":"http://www.w3.org/2001/XMLSchema#decimal","dwSourceId":"percent_ethnicity_unknown"},{"name":"count_ethnicity_total","title":"COUNT ETHNICITY TOTAL","type":"integer","rdfType":"http://www.w3.org/2001/XMLSchema#integer","dwSourceId":"count_ethnicity_total"},{"name":"percent_ethnicity_total","title":"PERCENT ETHNICITY TOTAL","type":"integer","rdfType":"http://www.w3.org/2001/XMLSchema#integer","dwSourceId":"percent_ethnicity_total"},{"name":"count_permanent_resident_alien","title":"COUNT PERMANENT RESIDENT ALIEN","type":"integer","rdfType":"http://www.w3.org/2001/XMLSchema#integer","dwSourceId":"count_permanent_resident_alien"},{"name":"percent_permanent_resident_alien","title":"PERCENT PERMANENT RESIDENT ALIEN","type":"number","rdfType":"http://www.w3.org/2001/XMLSchema#decimal","dwSourceId":"percent_permanent_resident_alien"},{"name":"count_us_citizen","title":"COUNT US CITIZEN","type":"integer","rdfType":"http://www.w3.org/2001/XMLSchema#integer","dwSourceId":"count_us_citizen"},{"name":"percent_us_citizen","title":"PERCENT US CITIZEN","type":"number","rdfType":"http://www.w3.org/2001/XMLSchema#decimal","dwSourceId":"percent_us_citizen"},{"name":"count_other_citizen_status","title":"COUNT OTHER CITIZEN STATUS","type":"integer","rdfType":"http://www.w3.org/2001/XMLSchema#integer","dwSourceId":"count_other_citizen_status"},{"name":"percent_other_citizen_status","title":"PERCENT OTHER CITIZEN STATUS","type":"number","rdfType":"http://www.w3.org/2001/XMLSchema#decimal","dwSourceId":"percent_other_citizen_status"},{"name":"count_citizen_status_unknown","title":"COUNT CITIZEN STATUS UNKNOWN","type":"boolean","rdfType":"http://www.w3.org/2001/XMLSchema#boolean","dwSourceId":"count_citizen_status_unknown"},{"name":"percent_citizen_status_unknown","title":"PERCENT CITIZEN STATUS UNKNOWN","type":"boolean","rdfType":"http://www.w3.org/2001/XMLSchema#boolean","dwSourceId":"percent_citizen_status_unknown"},{"name":"count_citizen_status_total","title":"COUNT CITIZEN STATUS TOTAL","type":"integer","rdfType":"http://www.w3.org/2001/XMLSchema#integer","dwSourceId":"count_citizen_status_total"},{"name":"percent_citizen_status_total","title":"PERCENT CITIZEN STATUS TOTAL","type":"integer","rdfType":"http://www.w3.org/2001/XMLSchema#integer","dwSourceId":"percent_citizen_status_total"},{"name":"count_receives_public_assistance","title":"COUNT RECEIVES PUBLIC ASSISTANCE","type":"integer","rdfType":"http://www.w3.org/2001/XMLSchema#integer","dwSourceId":"count_receives_public_assistance"},{"name":"percent_receives_public_assistance","title":"PERCENT RECEIVES PUBLIC ASSISTANCE","type":"number","rdfType":"http://www.w3.org/2001/XMLSchema#decimal","dwSourceId":"percent_receives_public_assistance"},{"name":"count_nreceives_public_assistance","title":"COUNT NRECEIVES PUBLIC ASSISTANCE","type":"integer","rdfType":"http://www.w3.org/2001/XMLSchema#integer","dwSourceId":"count_nreceives_public_assistance"},{"name":"percent_nreceives_public_assistance","title":"PERCENT NRECEIVES PUBLIC ASSISTANCE","type":"number","rdfType":"http://www.w3.org/2001/XMLSchema#decimal","dwSourceId":"percent_nreceives_public_assistance"},{"name":"count_public_assistance_unknown","title":"COUNT PUBLIC ASSISTANCE UNKNOWN","type":"boolean","rdfType":"http://www.w3.org/2001/XMLSchema#boolean","dwSourceId":"count_public_assistance_unknown"},{"name":"percent_public_assistance_unknown","title":"PERCENT PUBLIC ASSISTANCE UNKNOWN","type":"boolean","rdfType":"http://www.w3.org/2001/XMLSchema#boolean","dwSourceId":"percent_public_assistance_unknown"},{"name":"count_public_assistance_total","title":"COUNT PUBLIC ASSISTANCE TOTAL","type":"integer","rdfType":"http://www.w3.org/2001/XMLSchema#integer","dwSourceId":"count_public_assistance_total"},{"name":"percent_public_assistance_total","title":"PERCENT PUBLIC ASSISTANCE TOTAL","type":"integer","rdfType":"http://www.w3.org/2001/XMLSchema#integer","dwSourceId":"percent_public_assistance_total"}]},"path":"data/school_district_breakdowns_1.csv","format":"csv"},{"name":"original/school-district-breakdowns-1.csv","path":"original/school-district-breakdowns-1.csv","format":"csv","mediatype":"text/csv","bytes":5626}],"keywords":["boundary","district","community","demography","demographic","statistic","youth","development","neighborhood","school","education","lifelong learning"]}